<configuration>
<appender name="STDOUT" class="ch.qos.logback.core.ConsoleAppender">
        <layout class="ch.qos.logback.classic.PatternLayout">
            <Pattern>date %highlight(%-5level) %level [%file:%line] %msg%n</Pattern>
        </layout>
    </appender>

<appender name="FILE"
class="ch.qos.logback.core.rolling.RollingFileAppender">
<encoder>
<pattern>%date %level [%file:%line]  %msg%n</pattern>
</encoder>
<file>/u02/ceirdata/BackendProcess/CloseGrievance/log.log</file>
<rollingPolicy class="ch.qos.logback.core.rolling.TimeBasedRollingPolicy">
<fileNamePattern>/u02/ceirdata/BackendProcess/CloseGrievance/log.%d{yyyy-MM-dd}.log</fileNamePattern>
<maxHistory>60</maxHistory>
</rollingPolicy>
</appender>
<logger name="org.springframework" level="INFO">
</logger>
<logger name="com.zaxxer.hikari" level="INFO">
</logger>
<logger name="org.apache.http" level="INFO">
</logger>

<root level="INFO">
         <appender-ref ref="FILE" />
         <appender-ref ref="STDOUT" />
      </root>


</configuration>
