<!--
<?xml version="1.0" encoding="UTF-8"?>
<Configuration status="warn">
    <Properties>
        <Property name="basePath">/u02/ceirdata/BackendProcessBlockEndUserDevice/logs</Property>
    </Properties>
 
    <Appenders>
        <RollingFile name="fileLogger" fileName="${basePath}/log.log" filePattern="${basePath}/log-%d{yyyy-MM-dd}.log">
            <PatternLayout>
                <pattern>[%-5level] %d{yyyy-MM-dd HH:mm:ss.SSS} [%t] %c{1} - %msg%n</pattern>
            </PatternLayout>
            <Policies>
                <TimeBasedTriggeringPolicy interval="1" modulate="true" />
            </Policies>
        </RollingFile>
 
        <Console name="console" target="SYSTEM_OUT">
            <PatternLayout   pattern="[%-5level] %d{yyyy-MM-dd HH:mm:ss.SSS} [%t] %c{1} - %msg%n" />
        </Console>
    </Appenders>
    <Loggers>
        <Logger name="com.gl.ceir.config" level="debug" additivity="true">
            <appender-ref ref="fileLogger" level="debug" />
        </Logger>
        <Root level="debug" additivity="false">
            <appender-ref ref="console" />
        </Root>
    </Loggers>
</Configuration>
     -->


<configuration>
<appender name="STDOUT" class="ch.qos.logback.core.ConsoleAppender">
        <layout class="ch.qos.logback.classic.PatternLayout">
            <Pattern>date %highlight(%-5level) %level [%file:%line] %msg%n</Pattern>
        </layout>
    </appender>

<appender name="FILE"
class="ch.qos.logback.core.rolling.RollingFileAppender">
<encoder>
<pattern>%date %level [%file:%line]  %msg%n</pattern>
</encoder>
<file>/u02/ceirdata/BackendProcess/BlockEndUserDevice/log.log</file>
<rollingPolicy class="ch.qos.logback.core.rolling.TimeBasedRollingPolicy">
<fileNamePattern>/u02/ceirdata/BackendProcess/BlockEndUserDevice/log.%d{yyyy-MM-dd}.log</fileNamePattern>
<maxHistory>60</maxHistory>
</rollingPolicy>
</appender>
<logger name="org.springframework" level="INFO">
</logger>
<logger name="com.zaxxer.hikari" level="INFO">
</logger>
<logger name="org.apache.http" level="INFO">
</logger>

<root level="INFO">
         <appender-ref ref="FILE" />
         <appender-ref ref="STDOUT" />
      </root>


</configuration>