<configuration>
	<appender name="FILE" class="ch.qos.logback.core.rolling.RollingFileAppender">
		<encoder>
			<pattern>%date %level [%file:%line] %msg%n</pattern>
		</encoder>
		<file>/u02/ceirdata/BackendProcess/FileCopier/log.log</file>
		<rollingPolicy class="ch.qos.logback.core.rolling.TimeBasedRollingPolicy">
			<fileNamePattern>/u02/ceirdata/BackendProcess/FileCopier/log.%d{yyyy-MM-dd}.log</fileNamePattern>
			<maxHistory>30</maxHistory>
			<totalSizeCap>10GB</totalSizeCap>
		</rollingPolicy>
	</appender>
	<logger name="org.springframework" level="INFO"></logger>
	<logger name="com.zaxxer.hikari" level="INFO"></logger>
	<logger name="org.apache.http" level="INFO"></logger>
	<!--<logger name="org.hibernate" level="INFO"></logger>-->
	<root level="INFO">
		<appender-ref ref="FILE" />
	</root>
	<!--<root level="Hibernate">
                <appender-ref ref="FILE" />
        </root>
	<root level="trace">
                <appender-ref ref="FILE" />
        </root>-->	
</configuration>
